model,mse,mae,rmse,mape,average_score
ARIMA,2288.3942816089525,36.92786536166564,47.83716423042813,131.09659358446376,626.0639761963776
FBProphet_base,2277.7797494770143,35.6442977781554,47.72609086733392,152.03041795452816,628.2951390192579
FBProphet_saturating,20332.25140600366,129.26575099428092,142.59120381707862,42.73581679664696,5161.711044402917
FBProphet_trendchange,1241.2455402121561,28.525021524456665,35.231314767010275,181.9328324217798,371.73367723135067
FBProphet_seasonality,1860.2149269590839,33.58492010333615,43.13020898348493,166.0948826953538,525.7562346853147
FBProphet_holidays,2262.56418093709,35.56426582137554,47.56641862634909,152.50244677962553,624.54932804111
FBProphet_final,1246.4223707273975,28.480686707635105,35.30470748678422,180.8248285412584,372.7581483657689
